workload,config,rectangles,n,median_ms,p95_ms,cpu_median_ms,mean_bytes
document,level0,1,24,1.1770,1.4502,1.1766,7728800
document,level1,1,24,11.4236,11.9009,11.4102,192271
document,level2,1,24,11.8124,12.9117,11.8105,139649
document,level3,1,24,12.0007,12.7756,12.0001,134321
document,level1-rle,1,24,51.7918,54.9191,51.7659,4121597
document,level1-huffman,1,24,52.9944,62.7591,52.9068,4121597
document,level1-fixed,1,24,11.8743,15.6610,11.8545,250015
document,level1-mem7,1,24,13.1212,13.8584,13.0234,191951
document,level1-mem9,1,24,13.7897,14.4617,13.7899,191699
document,level1-chain1,1,24,14.2316,15.5460,14.2251,344055
document,level1-chunk64k,1,24,11.6631,12.7865,11.6639,192271
document,level1-chunk256k,1,24,11.6378,12.8909,11.5753,192271
document,level0,26,24,1.3883,2.0588,1.3882,7728925
document,level1,26,24,11.9691,12.4799,11.9290,193165
document,level2,26,24,11.7477,12.4488,11.7270,140514
document,level3,26,24,12.1657,13.2416,12.1697,135570
document,level1-rle,26,24,58.0112,59.4520,57.8452,4116978
document,level1-huffman,26,24,58.3587,81.3494,58.1583,4116978
document,level1-fixed,26,24,12.1056,13.1167,12.1099,250194
document,level1-mem7,26,24,12.8645,13.7106,12.8699,192606
document,level1-mem9,26,24,18.7333,23.6344,17.9573,192606
document,level1-chain1,26,24,14.6102,19.7627,14.6113,344401
document,level1-chunk64k,26,24,12.7911,14.8812,12.6208,193165
document,level1-chunk256k,26,24,12.8111,14.7784,12.6244,193165
noise,level0,1,8,1.4953,1.8735,1.4945,7728799
noise,level1,1,8,197.0280,203.5553,194.3180,6697236
noise,level1-rle,1,8,69.4047,74.0645,69.2352,6606423
noise,level1-huffman,1,8,80.8445,84.7197,76.9605,6606423
